{
    "count": 178,
    "next": "https://ll.thespacedevs.com/2.0.0/launch/upcoming/?limit=10&offset=10",
    "previous": null,
    "results": [
        {
            "id": "528b72ff-e47e-46a3-b7ad-23b2ffcec2f2",
            "url": "https://ll.thespacedevs.com/2.0.0/launch/528b72ff-e47e-46a3-b7ad-23b2ffcec2f2/",
            "launch_library_id": 2103,
            "slug": "falcon-9-block-5-nrol-108",
            "name": "Falcon 9 Block 5 | NROL-108",
            "status": {
                "id": 3,
                "name": "Success"
            },
            "net": "2020-12-19T14:00:00Z",
            "window_end": "2020-12-19T17:00:00Z",
            "window_start": "2020-12-19T14:00:00Z",
            "inhold": false,
            "tbdtime": false,
            "tbddate": false,
            "probability": 90,
            "holdreason": "",
            "failreason": "",
            "hashtag": null,
            "launch_service_provider": {
                "id": 121,
                "url": "https://ll.thespacedevs.com/2.0.0/agencies/121/",
                "name": "SpaceX",
                "type": "Commercial"
            },
            "rocket": {
                "id": 2795,
                "configuration": {
                    "id": 164,
                    "launch_library_id": 188,
                    "url": "https://ll.thespacedevs.com/2.0.0/config/launcher/164/",
                    "name": "Falcon 9 Block 5",
                    "family": "Falcon",
                    "full_name": "Falcon 9 Block 5",
                    "variant": "Block 5"
                }
            },
            "mission": {
                "id": 1195,
                "launch_library_id": 1354,
                "name": "NROL-108",
                "description": "Classified payload for NRO.",
                "launch_designator": null,
                "type": "Government/Top Secret",
                "orbit": null
            },
            "pad": {
                "id": 87,
                "url": "https://ll.thespacedevs.com/2.0.0/pad/87/",
                "agency_id": null,
                "name": "Launch Complex 39A",
                "info_url": null,
                "wiki_url": "https://en.wikipedia.org/wiki/Kennedy_Space_Center_Launch_Complex_39#Launch_Pad_39A",
                "map_url": "http://maps.google.com/maps?q=28.608+N,+80.604+W",
                "latitude": "28.60822681",
                "longitude": "-80.60428186",
                "location": {
                    "id": 27,
                    "url": "https://ll.thespacedevs.com/2.0.0/location/27/",
                    "name": "Kennedy Space Center, FL, USA",
                    "country_code": "USA",
                    "map_image": "https://spacelaunchnow-prod-east.nyc3.digitaloceanspaces.com/media/launch_images/location_27_20200803142447.jpg",
                    "total_launch_count": 182,
                    "total_landing_count": 0
                },
                "map_image": "https://spacelaunchnow-prod-east.nyc3.digitaloceanspaces.com/media/launch_images/pad_87_20200803143537.jpg",
                "total_launch_count": 125
            },
            "webcast_live": true,
            "image": "https://spacelaunchnow-prod-east.nyc3.digitaloceanspaces.com/media/launch_images/falcon2520925_image_20201217060406.jpeg",
            "infographic": "https://spacelaunchnow-prod-east.nyc3.digitaloceanspaces.com/media/launch_images/falcon2520925_infographic_20201217162942.png",
            "program": []
        },
        {
            "id": "57c418cc-97ae-4d8e-b806-bb0e0345217f",
            "url": "https://ll.thespacedevs.com/2.0.0/launch/57c418cc-97ae-4d8e-b806-bb0e0345217f/",
            "launch_library_id": null,
            "slug": "long-march-8-xjy-7-others",
            "name": "Long March 8  | XJY-7 & others",
            "status": {
                "id": 2,
                "name": "TBD"
            },
            "net": "2020-12-22T04:29:00Z",
            "window_end": "2020-12-22T05:03:00Z",
            "window_start": "2020-12-22T04:29:00Z",
            "inhold": false,
            "tbdtime": false,
            "tbddate": false,
            "probability": null,
            "holdreason": "",
            "failreason": "",
            "hashtag": null,
            "launch_service_provider": {
                "id": 189,
                "url": "https://ll.thespacedevs.com/2.0.0/agencies/189/",
                "name": "China Aerospace Corporation",
                "type": "Government"
            },
            "rocket": {
                "id": 2813,
                "configuration": {
                    "id": 462,
                    "launch_library_id": null,
                    "url": "https://ll.thespacedevs.com/2.0.0/config/launcher/462/",
                    "name": "Long March 8",
                    "family": "Long March",
                    "full_name": "Long March 8",
                    "variant": "8"
                }
            },
            "mission": {
                "id": 1221,
                "launch_library_id": null,
                "name": "XJY-7 & others",
                "description": "XJY-7 is an undisclosed Chinese government payload for the first launch of Long March 8",
                "launch_designator": null,
                "type": "Government/Top Secret",
                "orbit": {
                    "id": 17,
                    "name": "Sun-Synchronous Orbit",
                    "abbrev": "SSO"
                }
            },
            "pad": {
                "id": 78,
                "url": "https://ll.thespacedevs.com/2.0.0/pad/78/",
                "agency_id": null,
                "name": "Wenchang",
                "info_url": null,
                "wiki_url": "https://en.wikipedia.org/wiki/Wenchang_Satellite_Launch_Center",
                "map_url": "http://maps.google.com/maps?q=19.614354,110.951057",
                "latitude": "19.614354",
                "longitude": "110.951057",
                "location": {
                    "id": 8,
                    "url": "https://ll.thespacedevs.com/2.0.0/location/8/",
                    "name": "Wenchang Satellite Launch Center, People's Republic of China",
                    "country_code": "CHN",
                    "map_image": "https://spacelaunchnow-prod-east.nyc3.digitaloceanspaces.com/media/launch_images/location_8_20200803142445.jpg",
                    "total_launch_count": 9,
                    "total_landing_count": 0
                },
                "map_image": "https://spacelaunchnow-prod-east.nyc3.digitaloceanspaces.com/media/launch_images/pad_78_20200803143548.jpg",
                "total_launch_count": 9
            },
            "webcast_live": false,
            "image": "https://spacelaunchnow-prod-east.nyc3.digitaloceanspaces.com/media/launch_images/long2520march_image_20201216110501.jpeg",
            "infographic": null,
            "program": []
        },
        {
            "id": "7409ce63-4f65-44d6-804c-5784189bf7b5",
            "url": "https://ll.thespacedevs.com/2.0.0/launch/7409ce63-4f65-44d6-804c-5784189bf7b5/",
            "launch_library_id": 1666,
            "slug": "soyuz-stafregat-cso-2",
            "name": "Soyuz STA/Fregat | CSO 2",
            "status": {
                "id": 2,
                "name": "TBD"
            },
            "net": "2020-12-28T16:42:00Z",
            "window_end": "2020-12-28T16:42:00Z",
            "window_start": "2020-12-28T16:42:00Z",
            "inhold": false,
            "tbdtime": false,
            "tbddate": false,
            "probability": -1,
            "holdreason": "",
            "failreason": "",
            "hashtag": null,
            "launch_service_provider": {
                "id": 115,
                "url": "https://ll.thespacedevs.com/2.0.0/agencies/115/",
                "name": "Arianespace",
                "type": "Commercial"
            },
            "rocket": {
                "id": 2191,
                "configuration": {
                    "id": 49,
                    "launch_library_id": 76,
                    "url": "https://ll.thespacedevs.com/2.0.0/config/launcher/49/",
                    "name": "Soyuz STA",
                    "family": "Soyuz",
                    "full_name": "Soyuz STA/Fregat",
                    "variant": "Fregat"
                }
            },
            "mission": {
                "id": 954,
                "launch_library_id": 1166,
                "name": "CSO 2",
                "description": "The CSO 2 (Composante Spatiale Optique 2) satellite is the second of three new-generation high-resolution optical imaging satellites for the French military, replacing the Helios 2 spy satellite series.",
                "launch_designator": null,
                "type": "Government/Top Secret",
                "orbit": {
                    "id": 17,
                    "name": "Sun-Synchronous Orbit",
                    "abbrev": "SSO"
                }
            },
            "pad": {
                "id": 81,
                "url": "https://ll.thespacedevs.com/2.0.0/pad/81/",
                "agency_id": 115,
                "name": "Soyuz Launch Complex",
                "info_url": null,
                "wiki_url": "https://en.wikipedia.org/wiki/Ensemble_de_Lancement_Soyouz",
                "map_url": "https://www.google.com/maps/?q=5.3019,-52.8346",
                "latitude": "5.3019",
                "longitude": "-52.8346",
                "location": {
                    "id": 13,
                    "url": "https://ll.thespacedevs.com/2.0.0/location/13/",
                    "name": "Kourou, French Guiana",
                    "country_code": "GUF",
                    "map_image": "https://spacelaunchnow-prod-east.nyc3.digitaloceanspaces.com/media/launch_images/location_13_20200803142412.jpg",
                    "total_launch_count": 150,
                    "total_landing_count": 0
                },
                "map_image": "https://spacelaunchnow-prod-east.nyc3.digitaloceanspaces.com/media/launch_images/pad_81_20200803143601.jpg",
                "total_launch_count": 23
            },
            "webcast_live": false,
            "image": "https://spacelaunchnow-prod-east.nyc3.digitaloceanspaces.com/media/launcher_images/soyuz2520sta_image_20191210133244.jpg",
            "infographic": null,
            "program": []
        },
        {
            "id": "30412a48-cb4d-43d6-a304-6ae5f062504f",
            "url": "https://ll.thespacedevs.com/2.0.0/launch/30412a48-cb4d-43d6-a304-6ae5f062504f/",
            "launch_library_id": 2098,
            "slug": "kuaizhou-1a-jilin-1-02d",
            "name": "Kuaizhou-1A | Jilin-1-02D",
            "status": {
                "id": 2,
                "name": "TBD"
            },
            "net": "2020-12-31T00:00:00Z",
            "window_end": "2020-12-31T00:00:00Z",
            "window_start": "2020-12-31T00:00:00Z",
            "inhold": false,
            "tbdtime": true,
            "tbddate": true,
            "probability": -1,
            "holdreason": "",
            "failreason": "",
            "hashtag": null,
            "launch_service_provider": {
                "id": 184,
                "url": "https://ll.thespacedevs.com/2.0.0/agencies/184/",
                "name": "China Aerospace Science and Industry Corporation",
                "type": "Government"
            },
            "rocket": {
                "id": 2758,
                "configuration": {
                    "id": 135,
                    "launch_library_id": 155,
                    "url": "https://ll.thespacedevs.com/2.0.0/config/launcher/135/",
                    "name": "Kuaizhou",
                    "family": "Kuaizhou",
                    "full_name": "Kuaizhou-1A",
                    "variant": "1A"
                }
            },
            "mission": {
                "id": 1156,
                "launch_library_id": 1346,
                "name": "Jilin-1-02D",
                "description": "Jilin-1 is a series of Chinese commercial remote sensing satellites.",
                "launch_designator": null,
                "type": "Earth Science",
                "orbit": null
            },
            "pad": {
                "id": 71,
                "url": "https://ll.thespacedevs.com/2.0.0/pad/71/",
                "agency_id": null,
                "name": "Unknown Pad",
                "info_url": null,
                "wiki_url": "",
                "map_url": "",
                "latitude": "40.958",
                "longitude": "100.291",
                "location": {
                    "id": 17,
                    "url": "https://ll.thespacedevs.com/2.0.0/location/17/",
                    "name": "Jiuquan, People's Republic of China",
                    "country_code": "CHN",
                    "map_image": "https://spacelaunchnow-prod-east.nyc3.digitaloceanspaces.com/media/launch_images/location_17_20200803142429.jpg",
                    "total_launch_count": 96,
                    "total_landing_count": 0
                },
                "map_image": "https://spacelaunchnow-prod-east.nyc3.digitaloceanspaces.com/media/launch_images/pad_71_20200803143610.jpg",
                "total_launch_count": 25
            },
            "webcast_live": false,
            "image": "https://spacelaunchnow-prod-east.nyc3.digitaloceanspaces.com/media/launcher_images/kuaizhou_image_20191027094423.jpeg",
            "infographic": null,
            "program": []
        },
        {
            "id": "708c2b85-50d6-4baa-bd3e-fdfb0257ea50",
            "url": "https://ll.thespacedevs.com/2.0.0/launch/708c2b85-50d6-4baa-bd3e-fdfb0257ea50/",
            "launch_library_id": 2099,
            "slug": "kuaizhou-1a-jilin-1-02f",
            "name": "Kuaizhou-1A | Jilin-1-02F",
            "status": {
                "id": 2,
                "name": "TBD"
            },
            "net": "2020-12-31T00:00:00Z",
            "window_end": "2020-12-31T00:00:00Z",
            "window_start": "2020-12-31T00:00:00Z",
            "inhold": false,
            "tbdtime": true,
            "tbddate": true,
            "probability": -1,
            "holdreason": "",
            "failreason": "",
            "hashtag": null,
            "launch_service_provider": {
                "id": 184,
                "url": "https://ll.thespacedevs.com/2.0.0/agencies/184/",
                "name": "China Aerospace Science and Industry Corporation",
                "type": "Government"
            },
            "rocket": {
                "id": 2759,
                "configuration": {
                    "id": 135,
                    "launch_library_id": 155,
                    "url": "https://ll.thespacedevs.com/2.0.0/config/launcher/135/",
                    "name": "Kuaizhou",
                    "family": "Kuaizhou",
                    "full_name": "Kuaizhou-1A",
                    "variant": "1A"
                }
            },
            "mission": {
                "id": 1157,
                "launch_library_id": 1347,
                "name": "Jilin-1-02F",
                "description": "Jilin-1 is a series of Chinese commercial remote sensing satellites.",
                "launch_designator": null,
                "type": "Earth Science",
                "orbit": null
            },
            "pad": {
                "id": 71,
                "url": "https://ll.thespacedevs.com/2.0.0/pad/71/",
                "agency_id": null,
                "name": "Unknown Pad",
                "info_url": null,
                "wiki_url": "",
                "map_url": "",
                "latitude": "40.958",
                "longitude": "100.291",
                "location": {
                    "id": 17,
                    "url": "https://ll.thespacedevs.com/2.0.0/location/17/",
                    "name": "Jiuquan, People's Republic of China",
                    "country_code": "CHN",
                    "map_image": "https://spacelaunchnow-prod-east.nyc3.digitaloceanspaces.com/media/launch_images/location_17_20200803142429.jpg",
                    "total_launch_count": 96,
                    "total_landing_count": 0
                },
                "map_image": "https://spacelaunchnow-prod-east.nyc3.digitaloceanspaces.com/media/launch_images/pad_71_20200803143610.jpg",
                "total_launch_count": 25
            },
            "webcast_live": false,
            "image": "https://spacelaunchnow-prod-east.nyc3.digitaloceanspaces.com/media/launcher_images/kuaizhou_image_20191027094423.jpeg",
            "infographic": null,
            "program": []
        },
        {
            "id": "d5d607b7-05ed-4142-8703-14b553c195e0",
            "url": "https://ll.thespacedevs.com/2.0.0/launch/d5d607b7-05ed-4142-8703-14b553c195e0/",
            "launch_library_id": 1412,
            "slug": "falcon-9-block-5-turksat-5a",
            "name": "Falcon 9 Block 5 | Türksat 5A",
            "status": {
                "id": 2,
                "name": "TBD"
            },
            "net": "2021-01-05T01:27:00Z",
            "window_end": "2021-01-05T05:29:00Z",
            "window_start": "2021-01-05T01:27:00Z",
            "inhold": false,
            "tbdtime": true,
            "tbddate": true,
            "probability": -1,
            "holdreason": "",
            "failreason": "",
            "hashtag": null,
            "launch_service_provider": {
                "id": 121,
                "url": "https://ll.thespacedevs.com/2.0.0/agencies/121/",
                "name": "SpaceX",
                "type": "Commercial"
            },
            "rocket": {
                "id": 136,
                "configuration": {
                    "id": 164,
                    "launch_library_id": 188,
                    "url": "https://ll.thespacedevs.com/2.0.0/config/launcher/164/",
                    "name": "Falcon 9 Block 5",
                    "family": "Falcon",
                    "full_name": "Falcon 9 Block 5",
                    "variant": "Block 5"
                }
            },
            "mission": null,
            "pad": {
                "id": 80,
                "url": "https://ll.thespacedevs.com/2.0.0/pad/80/",
                "agency_id": 121,
                "name": "Space Launch Complex 40",
                "info_url": null,
                "wiki_url": "https://en.wikipedia.org/wiki/Cape_Canaveral_Air_Force_Station_Space_Launch_Complex_40",
                "map_url": "http://maps.google.com/maps?q=28.56194122,-80.57735736",
                "latitude": "28.56194122",
                "longitude": "-80.57735736",
                "location": {
                    "id": 12,
                    "url": "https://ll.thespacedevs.com/2.0.0/location/12/",
                    "name": "Cape Canaveral, FL, USA",
                    "country_code": "USA",
                    "map_image": "https://spacelaunchnow-prod-east.nyc3.digitaloceanspaces.com/media/launch_images/location_12_20200803142519.jpg",
                    "total_launch_count": 208,
                    "total_landing_count": 20
                },
                "map_image": "https://spacelaunchnow-prod-east.nyc3.digitaloceanspaces.com/media/launch_images/pad_80_20200803143323.jpg",
                "total_launch_count": 63
            },
            "webcast_live": false,
            "image": "https://spacelaunchnow-prod-east.nyc3.digitaloceanspaces.com/media/launcher_images/falcon25209_image_20190224025007.jpeg",
            "infographic": null,
            "program": []
        },
        {
            "id": "f213a5df-579a-4682-8143-df228e463049",
            "url": "https://ll.thespacedevs.com/2.0.0/launch/f213a5df-579a-4682-8143-df228e463049/",
            "launch_library_id": 1965,
            "slug": "falcon-9-block-5-dedicated-sso-rideshare-mission-1",
            "name": "Falcon 9 Block 5 | Dedicated SSO Rideshare Mission 1",
            "status": {
                "id": 2,
                "name": "TBD"
            },
            "net": "2021-01-14T00:00:00Z",
            "window_end": "2021-01-14T00:00:00Z",
            "window_start": "2021-01-14T00:00:00Z",
            "inhold": false,
            "tbdtime": true,
            "tbddate": true,
            "probability": -1,
            "holdreason": "",
            "failreason": "",
            "hashtag": null,
            "launch_service_provider": {
                "id": 121,
                "url": "https://ll.thespacedevs.com/2.0.0/agencies/121/",
                "name": "SpaceX",
                "type": "Commercial"
            },
            "rocket": {
                "id": 2518,
                "configuration": {
                    "id": 164,
                    "launch_library_id": 188,
                    "url": "https://ll.thespacedevs.com/2.0.0/config/launcher/164/",
                    "name": "Falcon 9 Block 5",
                    "family": "Falcon",
                    "full_name": "Falcon 9 Block 5",
                    "variant": "Block 5"
                }
            },
            "mission": null,
            "pad": {
                "id": 80,
                "url": "https://ll.thespacedevs.com/2.0.0/pad/80/",
                "agency_id": 121,
                "name": "Space Launch Complex 40",
                "info_url": null,
                "wiki_url": "https://en.wikipedia.org/wiki/Cape_Canaveral_Air_Force_Station_Space_Launch_Complex_40",
                "map_url": "http://maps.google.com/maps?q=28.56194122,-80.57735736",
                "latitude": "28.56194122",
                "longitude": "-80.57735736",
                "location": {
                    "id": 12,
                    "url": "https://ll.thespacedevs.com/2.0.0/location/12/",
                    "name": "Cape Canaveral, FL, USA",
                    "country_code": "USA",
                    "map_image": "https://spacelaunchnow-prod-east.nyc3.digitaloceanspaces.com/media/launch_images/location_12_20200803142519.jpg",
                    "total_launch_count": 208,
                    "total_landing_count": 20
                },
                "map_image": "https://spacelaunchnow-prod-east.nyc3.digitaloceanspaces.com/media/launch_images/pad_80_20200803143323.jpg",
                "total_launch_count": 63
            },
            "webcast_live": false,
            "image": "https://spacelaunchnow-prod-east.nyc3.digitaloceanspaces.com/media/launcher_images/falcon25209_image_20190224025007.jpeg",
            "infographic": null,
            "program": []
        },
        {
            "id": "120c53d4-d3a1-42fe-b2a5-a63e3b11d72b",
            "url": "https://ll.thespacedevs.com/2.0.0/launch/120c53d4-d3a1-42fe-b2a5-a63e3b11d72b/",
            "launch_library_id": 1640,
            "slug": "electron-stp-27rm",
            "name": "Electron | STP-27RM",
            "status": {
                "id": 2,
                "name": "TBD"
            },
            "net": "2021-01-31T00:00:00Z",
            "window_end": "2021-01-31T00:00:00Z",
            "window_start": "2021-01-31T00:00:00Z",
            "inhold": false,
            "tbdtime": true,
            "tbddate": true,
            "probability": -1,
            "holdreason": "",
            "failreason": "",
            "hashtag": null,
            "launch_service_provider": {
                "id": 147,
                "url": "https://ll.thespacedevs.com/2.0.0/agencies/147/",
                "name": "Rocket Lab Ltd",
                "type": "Commercial"
            },
            "rocket": {
                "id": 2135,
                "configuration": {
                    "id": 26,
                    "launch_library_id": 148,
                    "url": "https://ll.thespacedevs.com/2.0.0/config/launcher/26/",
                    "name": "Electron",
                    "family": "Electron",
                    "full_name": "Electron",
                    "variant": ""
                }
            },
            "mission": {
                "id": 1123,
                "launch_library_id": 1320,
                "name": "STP-27RM",
                "description": "A U.S. Air Force experimental spacecraft.",
                "launch_designator": null,
                "type": "Government/Top Secret",
                "orbit": null
            },
            "pad": {
                "id": 79,
                "url": "https://ll.thespacedevs.com/2.0.0/pad/79/",
                "agency_id": 147,
                "name": "Rocket Lab Launch Complex 2",
                "info_url": null,
                "wiki_url": null,
                "map_url": null,
                "latitude": "37.834",
                "longitude": "-75.488",
                "location": {
                    "id": 21,
                    "url": "https://ll.thespacedevs.com/2.0.0/location/21/",
                    "name": "Wallops Island, Virginia, USA",
                    "country_code": "USA",
                    "map_image": "https://spacelaunchnow-prod-east.nyc3.digitaloceanspaces.com/media/launch_images/location_21_20200803142423.jpg",
                    "total_launch_count": 20,
                    "total_landing_count": 0
                },
                "map_image": "https://spacelaunchnow-prod-east.nyc3.digitaloceanspaces.com/media/launch_images/pad_79_20200803143607.jpg",
                "total_launch_count": 0
            },
            "webcast_live": false,
            "image": "https://spacelaunchnow-prod-east.nyc3.digitaloceanspaces.com/media/launcher_images/electron_image_20190705175640.jpeg",
            "infographic": null,
            "program": []
        },
        {
            "id": "20d9789c-dfdf-46b5-a964-de5f031615a5",
            "url": "https://ll.thespacedevs.com/2.0.0/launch/20d9789c-dfdf-46b5-a964-de5f031615a5/",
            "launch_library_id": 2080,
            "slug": "launcherone-launch-demo-2",
            "name": "LauncherOne | Launch Demo 2",
            "status": {
                "id": 2,
                "name": "TBD"
            },
            "net": "2021-01-31T00:00:00Z",
            "window_end": "2021-01-31T00:00:00Z",
            "window_start": "2021-01-31T00:00:00Z",
            "inhold": false,
            "tbdtime": true,
            "tbddate": true,
            "probability": -1,
            "holdreason": "",
            "failreason": "",
            "hashtag": null,
            "launch_service_provider": {
                "id": 199,
                "url": "https://ll.thespacedevs.com/2.0.0/agencies/199/",
                "name": "Virgin Orbit",
                "type": "Commercial"
            },
            "rocket": {
                "id": 2736,
                "configuration": {
                    "id": 141,
                    "launch_library_id": 173,
                    "url": "https://ll.thespacedevs.com/2.0.0/config/launcher/141/",
                    "name": "LauncherOne",
                    "family": "Launcher",
                    "full_name": "LauncherOne",
                    "variant": "One"
                }
            },
            "mission": {
                "id": 496,
                "launch_library_id": 643,
                "name": "Launch Demo 2 (VCLS ELaNa XX)",
                "description": "This is Virgin Orbit's second attempt to launch the LauncherOne rocket. It also carries cubesats which were contracted by NASA through Venture Class Launch Services contract.",
                "launch_designator": null,
                "type": "Dedicated Rideshare",
                "orbit": {
                    "id": 13,
                    "name": "Polar Orbit",
                    "abbrev": "PO"
                }
            },
            "pad": {
                "id": 53,
                "url": "https://ll.thespacedevs.com/2.0.0/pad/53/",
                "agency_id": null,
                "name": "Mojave Air and Space Port",
                "info_url": null,
                "wiki_url": "https://en.wikipedia.org/wiki/Mojave_Air_and_Space_Port",
                "map_url": "https://www.google.com/maps/place/35Â°03'34.0\"N+118Â°09'06.0\"W/",
                "latitude": "35.059444",
                "longitude": "-118.151667",
                "location": {
                    "id": 20,
                    "url": "https://ll.thespacedevs.com/2.0.0/location/20/",
                    "name": "Air launch to orbit",
                    "country_code": "UNK",
                    "map_image": "https://spacelaunchnow-prod-east.nyc3.digitaloceanspaces.com/media/launch_images/location_20_20200803142433.jpg",
                    "total_launch_count": 44,
                    "total_landing_count": 0
                },
                "map_image": "https://spacelaunchnow-prod-east.nyc3.digitaloceanspaces.com/media/launch_images/pad_53_20200803143612.jpg",
                "total_launch_count": 1
            },
            "webcast_live": false,
            "image": "https://spacelaunchnow-prod-east.nyc3.digitaloceanspaces.com/media/launcher_images/launcherone_image_20200101110016.jpeg",
            "infographic": null,
            "program": []
        },
        {
            "id": "504ba71a-bf09-48f1-9346-48c3d79e580b",
            "url": "https://ll.thespacedevs.com/2.0.0/launch/504ba71a-bf09-48f1-9346-48c3d79e580b/",
            "launch_library_id": null,
            "slug": "momo-flight-7",
            "name": "MOMO | Flight 7",
            "status": {
                "id": 2,
                "name": "TBD"
            },
            "net": "2021-01-31T00:00:00Z",
            "window_end": "2021-01-31T00:00:00Z",
            "window_start": "2021-01-31T00:00:00Z",
            "inhold": false,
            "tbdtime": false,
            "tbddate": false,
            "probability": null,
            "holdreason": "",
            "failreason": "",
            "hashtag": null,
            "launch_service_provider": {
                "id": 1002,
                "url": "https://ll.thespacedevs.com/2.0.0/agencies/1002/",
                "name": "Interstellar Technologies",
                "type": null
            },
            "rocket": {
                "id": 2730,
                "configuration": {
                    "id": 198,
                    "launch_library_id": null,
                    "url": "https://ll.thespacedevs.com/2.0.0/config/launcher/198/",
                    "name": "MOMO",
                    "family": "MOMO",
                    "full_name": "MOMO",
                    "variant": ""
                }
            },
            "mission": {
                "id": 1132,
                "launch_library_id": null,
                "name": "Flight 7",
                "description": "The sixth (Flight 6 has not happened yet) flight of Interstellar Technologies MOMO rocket.",
                "launch_designator": null,
                "type": "Suborbital",
                "orbit": {
                    "id": 15,
                    "name": "Suborbital",
                    "abbrev": "Sub"
                }
            },
            "pad": {
                "id": 106,
                "url": "https://ll.thespacedevs.com/2.0.0/pad/106/",
                "agency_id": 1002,
                "name": "Taiki-cho, Hokkaido, Japan",
                "info_url": null,
                "wiki_url": null,
                "map_url": null,
                "latitude": "42.50000000",
                "longitude": "143.28333333",
                "location": {
                    "id": 32,
                    "url": "https://ll.thespacedevs.com/2.0.0/location/32/",
                    "name": "Taiki-cho, Hokkaido, Japan",
                    "country_code": "JPN",
                    "map_image": "https://spacelaunchnow-prod-east.nyc3.digitaloceanspaces.com/media/launch_images/location_32_20200803142407.jpg",
                    "total_launch_count": 5,
                    "total_landing_count": 0
                },
                "map_image": "https://spacelaunchnow-prod-east.nyc3.digitaloceanspaces.com/media/launch_images/pad_106_20200803143453.jpg",
                "total_launch_count": 5
            },
            "webcast_live": false,
            "image": "https://spacelaunchnow-prod-east.nyc3.digitaloceanspaces.com/media/launcher_images/momo_image_20190705174455.jpg",
            "infographic": null,
            "program": []
        }
    ]
}
